{
    "order": {
        "tagsOrder": [
            "format_online_video_for_youtube"
        ],
        "schemaVersion": 0,
        "presetsOrderByTag": [
            {
                "presets": [
                    "youtube___original_size",
                    "youtube___360p_sharing",
                    "youtube___480p_sharing",
                    "youtube___hd_720p_sharing",
                    "youtube___hd_1080p_sharing"
                ],
                "tagName": "format_online_video_for_youtube"
            }
        ]
    }
}
